City,Country,Date,Lat,Lng,Max Temp,Humidity,Cloudiness,Wind Speed,Current Description,Rain Inches (last 3 hrs),Snow Inches (last 3 hrs)
Hobart,AU,2020-01-05 08:38:14,-42.88,147.33,64.4,45,20,10.29,few clouds,0.0,0.0
Naze,NG,2020-01-05 08:41:41,5.43,7.07,73.4,35,11,10.29,dust,0.0,0.0
Kabare,RW,2020-01-05 08:41:41,-1.65,29.38,62.02,84,81,3.78,light rain,2.38,0.0
Ushuaia,AR,2020-01-05 08:38:14,-54.81,-68.31,50.0,66,40,10.29,scattered clouds,0.0,0.0
Amahai,ID,2020-01-05 08:41:42,-3.31,129.0,85.62,67,36,4.38,light rain,1.81,0.0
Rikitea,PF,2020-01-05 08:38:13,-23.12,-134.97,75.65,74,55,17.2,broken clouds,0.0,0.0
Cayenne,GF,2020-01-05 08:41:42,4.94,-52.33,77.0,88,19,3.36,light rain,0.44,0.0
Barrow,AR,2020-01-05 08:41:42,-38.31,-60.23,62.24,95,95,5.46,light rain,0.81,0.0
Marystown,CA,2020-01-05 08:41:42,47.17,-55.16,31.77,87,100,1.92,overcast clouds,0.0,0.0
Brae,GB,2020-01-05 08:41:34,60.4,-1.35,50.0,93,40,36.91,light rain,0.0,0.0
Avarua,CK,2020-01-05 08:41:43,-21.21,-159.78,77.0,94,100,1.12,light rain,0.25,0.0
Marrakesh,MA,2020-01-05 08:41:43,31.63,-7.99,42.8,87,0,3.36,clear sky,0.0,0.0
Souillac,FR,2020-01-05 08:41:43,45.6,-0.6,36.0,100,20,1.12,few clouds,0.0,0.0
Carnarvon,ZA,2020-01-05 08:41:43,-30.97,22.13,85.24,16,53,13.0,broken clouds,0.0,0.0
Busselton,AU,2020-01-05 08:41:43,-33.64,115.35,84.99,11,0,9.66,clear sky,0.0,0.0
Walvis Bay,NA,2020-01-05 08:41:44,-22.95,14.51,64.99,82,90,2.24,overcast clouds,0.0,0.0
Airai,TL,2020-01-05 08:41:44,-8.93,125.41,73.8,83,78,3.36,light rain,2.63,0.0
Chumphon,TH,2020-01-05 08:39:44,10.5,99.18,87.8,70,40,10.29,scattered clouds,0.0,0.0
Hermanus,ZA,2020-01-05 08:41:13,-34.42,19.24,75.99,63,99,8.99,overcast clouds,0.0,0.0
Honiara,SB,2020-01-05 08:41:45,-9.43,159.96,84.2,74,75,2.24,broken clouds,0.0,0.0
Alice Springs,AU,2020-01-05 08:39:30,-23.7,133.88,82.4,37,75,14.99,broken clouds,0.0,0.0
Banda Aceh,ID,2020-01-05 08:41:45,5.56,95.32,85.01,61,74,9.13,broken clouds,0.0,0.0
Mataura,NZ,2020-01-05 08:41:45,-46.19,168.86,52.0,70,28,14.0,scattered clouds,0.0,0.0
Cape Town,ZA,2020-01-05 08:40:03,-33.93,18.42,73.0,68,75,16.11,broken clouds,0.0,0.0
Kaitangata,NZ,2020-01-05 08:38:49,-46.28,169.85,54.0,52,17,13.0,few clouds,0.0,0.0
Surgut,RU,2020-01-05 08:41:46,61.25,73.4,28.4,100,90,13.42,overcast clouds,0.0,0.0
Clyde River,CA,2020-01-05 08:41:46,70.47,-68.59,-27.4,60,90,8.05,light snow,0.0,0.0
Vaini,IN,2020-01-05 08:41:14,15.34,74.49,82.4,39,20,6.93,few clouds,0.0,0.0
Narsaq,GL,2020-01-05 08:41:47,60.91,-46.05,23.0,79,100,4.7,light shower snow,0.0,0.0
Vanderhoof,CA,2020-01-05 08:41:47,54.02,-124.02,24.21,76,100,11.52,overcast clouds,0.0,0.0
Inyonga,TZ,2020-01-05 08:41:47,-6.72,32.06,79.9,65,100,3.18,light rain,1.44,0.0
Saskylakh,RU,2020-01-05 08:41:47,71.97,114.09,-19.35,92,60,8.88,broken clouds,0.0,0.0
Tazovskiy,RU,2020-01-05 08:41:47,67.47,78.7,21.31,89,60,19.86,broken clouds,0.0,0.0
Puerto Ayora,EC,2020-01-05 08:41:48,-0.74,-90.35,75.0,83,53,4.0,broken clouds,0.0,0.0
New Norfolk,AU,2020-01-05 08:41:48,-42.78,147.06,64.4,45,20,10.29,few clouds,0.0,0.0
Lompoc,US,2020-01-05 08:41:48,34.64,-120.46,52.0,100,90,15.03,light rain,0.0,0.0
Cerro Largo,BR,2020-01-05 08:41:48,-28.15,-54.74,64.99,92,0,4.65,clear sky,0.0,0.0
Tasiilaq,GL,2020-01-05 08:38:52,65.61,-37.64,26.6,68,100,5.82,overcast clouds,0.0,0.0
La Grande,US,2020-01-05 08:37:39,45.32,-118.09,39.0,80,40,8.05,scattered clouds,0.0,0.0
Butaritari,KI,2020-01-05 08:38:27,3.07,172.79,84.99,78,100,12.75,light rain,0.56,0.0
Cherskiy,RU,2020-01-05 08:41:49,68.75,161.3,-4.5,60,20,7.36,few clouds,0.0,0.0
Kapaa,US,2020-01-05 08:38:21,22.08,-159.32,75.2,88,90,19.46,light rain,0.0,0.0
Libreville,GA,2020-01-05 08:41:49,0.39,9.45,80.6,88,40,3.36,scattered clouds,0.0,0.0
Zhigansk,RU,2020-01-05 08:41:19,66.77,123.37,-15.9,95,100,11.34,overcast clouds,0.0,0.0
Bukoba,TZ,2020-01-05 08:41:49,-1.33,31.81,73.24,71,100,9.35,overcast clouds,0.0,0.0
Atuona,PF,2020-01-05 08:38:42,-9.8,-139.03,79.95,74,0,6.82,light rain,0.25,0.0
Rawson,AR,2020-01-05 08:41:50,-43.3,-65.11,59.22,80,100,16.58,overcast clouds,0.0,0.0
Hualmay,PE,2020-01-05 08:41:50,-11.1,-77.61,66.36,91,65,2.01,broken clouds,0.0,0.0
Punta Arenas,CL,2020-01-05 08:40:56,-53.16,-70.91,48.2,81,90,6.93,light rain,0.0,0.0
Mar Del Plata,AR,2020-01-05 08:41:51,-46.43,-67.52,55.81,42,100,22.75,overcast clouds,0.0,0.0
Ostrovnoy,RU,2020-01-05 08:40:55,68.05,39.51,14.31,88,40,25.39,scattered clouds,0.0,0.0
Whitianga,NZ,2020-01-05 08:37:35,-36.83,175.7,64.99,81,65,3.0,broken clouds,0.0,0.0
Saint-Philippe,CA,2020-01-05 08:41:51,45.36,-73.48,30.2,74,90,10.29,overcast clouds,0.0,0.0
Port Alfred,ZA,2020-01-05 08:41:51,-33.59,26.89,73.0,89,100,10.0,overcast clouds,0.0,0.0
Popondetta,PG,2020-01-05 08:41:51,-8.77,148.24,69.03,94,96,2.24,moderate rain,11.63,0.0
Acari,BR,2020-01-05 08:41:52,-6.44,-36.64,71.74,81,100,7.87,overcast clouds,0.0,0.0
Bluff,AU,2020-01-05 08:41:52,-23.58,149.07,83.59,50,55,14.16,broken clouds,0.0,0.0
Escarcega,MX,2020-01-05 08:41:52,18.61,-90.75,65.53,90,70,2.59,light rain,0.13,0.0
La Rioja,AR,2020-01-05 08:39:12,-29.41,-66.86,68.68,50,0,2.59,clear sky,0.0,0.0
Karratha,AU,2020-01-05 08:38:04,-20.74,116.85,84.99,72,91,14.94,overcast clouds,0.0,0.0
Komsomolskiy,RU,2020-01-05 08:41:52,67.55,63.78,22.84,90,100,27.25,light snow,0.0,0.56
Castro,CL,2020-01-05 08:41:13,-42.48,-73.76,51.8,76,79,5.82,light rain,0.44,0.0
Sisimiut,GL,2020-01-05 08:41:53,66.94,-53.67,6.21,95,100,5.82,light snow,0.0,0.69
Susehri,TR,2020-01-05 08:39:50,40.16,38.09,22.17,95,78,3.62,broken clouds,0.0,0.0
Axim,GH,2020-01-05 08:41:53,4.87,-2.24,80.33,37,87,4.65,overcast clouds,0.0,0.0
Turayf,SA,2020-01-05 08:41:54,31.68,38.65,48.2,93,75,13.87,broken clouds,0.0,0.0
Saint-Joseph,FR,2020-01-05 08:41:54,43.56,6.97,52.0,81,0,6.93,clear sky,0.0,0.0
Capreol,CA,2020-01-05 08:41:54,46.71,-80.92,18.0,85,90,6.93,light snow,0.0,0.0
Qaanaaq,GL,2020-01-05 08:41:54,77.48,-69.36,-35.63,52,0,6.46,clear sky,0.0,0.0
Kahului,US,2020-01-05 08:41:54,20.89,-156.47,75.2,73,1,13.87,clear sky,0.0,0.0
Kiama,AU,2020-01-05 08:41:55,-34.67,150.86,69.01,100,71,4.7,light rain,0.19,0.0
Bredasdorp,ZA,2020-01-05 08:41:55,-34.53,20.04,80.6,42,100,11.41,overcast clouds,0.0,0.0
Saint George,GR,2020-01-05 08:41:55,39.45,22.34,48.2,49,40,8.05,scattered clouds,0.0,0.0
Izhma,RU,2020-01-05 08:41:55,65.01,53.91,21.4,93,99,7.18,overcast clouds,0.0,0.0
Sangar,RU,2020-01-05 08:41:56,63.92,127.47,-10.16,91,98,10.83,overcast clouds,0.0,0.0
Mundra,IN,2020-01-05 08:41:56,22.84,69.73,79.61,25,0,10.58,clear sky,0.0,0.0
Coihaique,CL,2020-01-05 08:41:56,-45.58,-72.07,48.2,76,75,4.7,broken clouds,0.0,0.0
Acapulco,MX,2020-01-05 08:41:56,16.86,-99.88,75.2,94,5,6.93,clear sky,0.0,0.0
Upernavik,GL,2020-01-05 08:38:23,72.79,-56.15,-35.14,90,55,10.51,broken clouds,0.0,0.0
Margate,AU,2020-01-05 08:41:57,-43.03,147.26,64.4,45,20,10.29,few clouds,0.0,0.0
Marsabit,KE,2020-01-05 08:41:57,2.34,37.99,84.56,47,56,15.3,broken clouds,0.0,0.0
Port-Cartier,CA,2020-01-05 08:38:37,50.03,-66.88,15.8,72,90,6.93,overcast clouds,0.0,0.0
Alice Town,BS,2020-01-05 08:41:57,25.72,-79.3,70.0,74,61,27.29,broken clouds,0.0,0.0
Yiyang,CN,2020-01-05 08:41:57,28.59,112.35,58.21,78,100,4.32,overcast clouds,0.0,0.0
Arraial Do Cabo,BR,2020-01-05 08:40:20,-22.97,-42.02,74.53,89,68,3.74,broken clouds,0.0,0.0
Thompson,CA,2020-01-05 08:40:02,55.74,-97.86,5.0,92,90,6.93,light snow,0.0,0.0
Praia Da Vitoria,PT,2020-01-05 08:38:42,38.73,-27.07,64.4,93,40,23.73,scattered clouds,0.0,0.0
Makakilo City,US,2020-01-05 08:41:58,21.35,-158.09,75.99,78,75,10.29,heavy intensity rain,0.0,0.0
San Cristobal,HN,2020-01-05 08:41:58,14.68,-86.92,62.98,96,69,3.22,broken clouds,0.0,0.0
Flinders,AU,2020-01-05 08:41:58,-34.58,150.85,70.0,100,71,4.7,light rain,0.19,0.0
Yellowknife,CA,2020-01-05 08:38:52,62.45,-114.38,0.0,77,90,12.75,light snow,0.0,0.0
Nanortalik,GL,2020-01-05 08:41:59,60.14,-45.24,30.45,76,100,21.27,overcast clouds,0.0,0.0
Chuy,UY,2020-01-05 08:41:59,-33.69,-53.46,64.98,87,0,6.6,clear sky,0.0,0.0
Albany,US,2020-01-05 08:37:17,42.65,-73.75,35.6,64,90,18.34,light rain,0.0,0.0
Shadegan,IR,2020-01-05 08:42:00,30.65,48.67,64.4,48,0,13.87,clear sky,0.0,0.0
Tanabe,JP,2020-01-05 08:42:00,33.73,135.39,46.99,45,40,16.11,scattered clouds,0.0,0.0
Mayo,CA,2020-01-05 08:40:07,63.59,-135.9,-14.8,62,20,9.17,few clouds,0.0,0.0
Willmar,US,2020-01-05 08:40:23,45.12,-95.04,30.99,92,75,4.7,broken clouds,0.0,0.0
Rio Pardo De Minas,BR,2020-01-05 08:42:01,-15.62,-42.55,64.89,97,100,5.37,moderate rain,3.81,0.0
Pacific Grove,US,2020-01-05 08:42:01,36.62,-121.92,53.01,93,75,18.84,mist,0.0,0.0
Haines Junction,CA,2020-01-05 08:42:01,60.75,-137.51,-16.65,98,0,3.09,clear sky,0.0,0.0
Wewak,PG,2020-01-05 08:42:02,-3.55,143.63,78.93,86,85,5.39,overcast clouds,0.0,0.0
Khatanga,RU,2020-01-05 08:40:49,71.98,102.47,-20.36,88,0,9.13,clear sky,0.0,0.0
Provideniya,RU,2020-01-05 08:38:45,64.42,-173.23,-9.81,98,90,9.82,light snow,0.0,0.13
Port Elizabeth,US,2020-01-05 08:41:15,39.31,-74.98,42.8,65,90,12.75,overcast clouds,0.0,0.0
Vao,EE,2020-01-05 08:42:02,59.1,26.19,29.53,83,100,12.15,light snow,0.0,0.19
Porto Novo,BR,2020-01-05 08:42:03,-23.68,-45.44,68.0,94,75,1.74,mist,0.0,0.0
Lima,PE,2020-01-05 08:39:21,-12.06,-77.04,69.8,94,90,10.29,overcast clouds,0.0,0.0
Dingle,PH,2020-01-05 08:42:03,11.0,122.67,77.54,87,12,13.18,light rain,0.56,0.0
Gorin,BF,2020-01-05 08:42:03,12.34,-0.67,67.89,18,38,14.85,scattered clouds,0.0,0.0
Presidencia Roque Saenz Pena,AR,2020-01-05 08:42:04,-26.79,-60.44,66.27,50,32,3.29,scattered clouds,0.0,0.0
Pevek,RU,2020-01-05 08:41:42,69.7,170.27,-6.61,72,0,4.38,clear sky,0.0,0.0
Bouar,CF,2020-01-05 08:42:04,5.94,15.59,84.2,17,0,9.17,clear sky,0.0,0.0
Lesu,NG,2020-01-05 08:42:05,9.83,4.39,75.15,24,89,5.55,overcast clouds,0.0,0.0
Nhulunbuy,AU,2020-01-05 08:42:05,-12.18,136.78,87.8,58,40,10.29,scattered clouds,0.0,0.0
Dzhebariki-Khaya,RU,2020-01-05 08:42:05,62.22,135.8,-17.73,93,90,0.34,overcast clouds,0.0,0.0
Lebu,ET,2020-01-05 08:42:05,8.96,38.73,71.78,38,6,3.31,clear sky,0.0,0.0
Burnie,AU,2020-01-05 08:41:51,-41.05,145.91,64.76,50,34,12.86,scattered clouds,0.0,0.0
Itarema,BR,2020-01-05 08:39:51,-2.92,-39.92,75.29,90,100,3.27,overcast clouds,0.0,0.0
Uri,IN,2020-01-05 08:38:02,34.09,74.03,35.49,47,100,3.83,overcast clouds,0.0,0.0
Hambantota,LK,2020-01-05 08:42:06,6.12,81.12,89.6,66,40,12.75,scattered clouds,0.0,0.0
Constitucion,MX,2020-01-05 08:42:06,23.99,-104.67,37.99,62,0,5.01,clear sky,0.0,0.0
Valparaiso,US,2020-01-05 08:39:27,41.47,-87.06,28.4,79,1,6.93,clear sky,0.0,0.0
Ponta Do Sol,BR,2020-01-05 08:42:07,-20.63,-46.0,65.75,95,33,1.39,scattered clouds,0.0,0.0
Dublin,IE,2020-01-05 08:42:07,53.35,-6.26,48.99,81,75,10.29,broken clouds,0.0,0.0
Mahebourg,MU,2020-01-05 08:42:07,-20.41,57.7,82.0,83,75,4.7,broken clouds,0.0,0.0
Codrington,AU,2020-01-05 08:39:34,-28.95,153.24,86.0,51,0,6.93,clear sky,0.0,0.0
Gubkinskiy,RU,2020-01-05 08:42:07,64.43,76.5,22.26,92,100,18.48,overcast clouds,0.0,0.0
Sitka,US,2020-01-05 08:41:31,37.17,-99.65,43.21,56,41,7.83,scattered clouds,0.0,0.0
Kibungo,RW,2020-01-05 08:42:08,-2.14,30.55,73.0,73,88,3.58,light rain,1.13,0.0
Tandil,AR,2020-01-05 08:42:08,-37.33,-59.14,66.0,88,69,5.99,moderate rain,0.0,0.0
Tokonou,GN,2020-01-05 08:42:08,9.65,-9.78,66.45,17,0,4.74,clear sky,0.0,0.0
Road Town,VG,2020-01-05 08:42:08,18.42,-64.62,77.0,83,1,12.95,clear sky,0.0,0.0
Cascais,PT,2020-01-05 08:42:08,38.7,-9.42,48.0,81,0,5.82,clear sky,0.0,0.0
Vagamo,NO,2020-01-05 08:42:09,61.88,9.1,10.99,98,100,7.07,snow,0.0,1.75
Waipawa,NZ,2020-01-05 08:42:09,-39.94,176.59,60.01,89,93,15.99,overcast clouds,0.0,0.0
Hailar,CN,2020-01-05 08:42:09,49.2,119.7,6.31,83,68,3.65,broken clouds,0.0,0.0
Ribeira Grande,PT,2020-01-05 08:41:18,38.52,-28.7,64.4,93,75,20.8,broken clouds,0.0,0.0
Bethel,US,2020-01-05 08:39:27,60.79,-161.76,-11.2,83,1,4.7,clear sky,0.0,0.0
Moussoro,TD,2020-01-05 08:42:10,13.64,16.49,69.44,21,36,17.58,scattered clouds,0.0,0.0
Vardo,US,2020-01-05 08:39:30,39.62,-77.74,39.99,55,90,16.11,light rain,0.0,0.0
Camacha,PT,2020-01-05 08:38:46,33.08,-16.33,60.8,87,20,4.7,few clouds,0.0,0.0
Hasaki,JP,2020-01-05 08:39:05,35.73,140.83,43.0,45,20,5.82,few clouds,0.0,0.0
Hun,BE,2020-01-05 08:42:10,50.34,4.87,43.0,86,75,3.36,broken clouds,0.0,0.0
Terney,RU,2020-01-05 08:42:11,45.05,136.61,9.5,81,0,7.65,clear sky,0.0,0.0
Sao Jose Da Coroa Grande,BR,2020-01-05 08:42:11,-8.9,-35.15,79.52,76,93,11.39,light rain,0.13,0.0
Bell Ville,AR,2020-01-05 08:42:11,-32.63,-62.69,64.0,88,0,1.99,clear sky,0.0,0.0
Khuzhir,RU,2020-01-05 08:42:11,53.19,107.35,23.72,88,91,8.43,overcast clouds,0.0,0.0
Tomatlan,MX,2020-01-05 08:42:11,19.93,-105.25,56.82,37,24,4.61,few clouds,0.0,0.0
Dunedin,NZ,2020-01-05 08:39:15,-45.87,170.5,54.34,60,0,26.84,clear sky,0.0,0.0
Jiangyou,CN,2020-01-05 08:42:12,31.78,104.73,41.05,67,100,3.31,overcast clouds,0.0,0.0
Namibe,AO,2020-01-05 08:39:25,-15.19,12.15,73.4,94,90,5.03,overcast clouds,0.0,0.0
Sistranda,NO,2020-01-05 08:42:12,63.73,8.83,39.99,86,90,27.51,light rain and snow,0.0,0.0
Sambava,MG,2020-01-05 08:42:12,-14.27,50.17,84.78,75,100,3.83,light rain,2.44,0.0
Jamestown,AU,2020-01-05 08:42:13,-33.21,138.6,55.15,83,100,11.7,light rain,0.81,0.0
Filadelfia,PY,2020-01-05 08:42:13,-22.35,-60.04,70.79,40,0,4.47,clear sky,0.0,0.0
Salinas,US,2020-01-05 08:42:13,36.67,-121.66,52.0,93,75,7.2,mist,0.0,0.0
Leningradskiy,RU,2020-01-05 08:42:13,69.38,178.42,-10.86,57,0,3.27,clear sky,0.0,0.0
Bandarbeyla,SO,2020-01-05 08:42:14,9.49,50.81,78.06,75,0,12.46,clear sky,0.0,0.0
Rio Gallegos,AR,2020-01-05 08:42:14,-51.62,-69.22,52.38,76,100,9.28,overcast clouds,0.0,0.0
Arlit,NE,2020-01-05 08:42:14,18.74,7.39,63.57,22,0,18.54,clear sky,0.0,0.0
Torbay,CA,2020-01-05 08:42:15,47.66,-52.73,30.99,92,90,2.24,overcast clouds,0.0,0.0
Jawhar,IN,2020-01-05 08:42:15,19.91,73.23,87.57,27,0,4.27,clear sky,0.0,0.0
Nouadhibou,MR,2020-01-05 08:42:15,20.93,-17.03,59.0,30,14,21.92,few clouds,0.0,0.0
Biltine,TD,2020-01-05 08:42:15,14.53,20.93,74.84,18,3,13.71,clear sky,0.0,0.0
San Quintin,PH,2020-01-05 08:42:15,17.54,120.52,79.12,67,59,0.22,broken clouds,0.0,0.0
Dinar,TR,2020-01-05 08:42:16,38.07,30.16,35.6,69,75,2.24,broken clouds,0.0,0.0
Prince George,CA,2020-01-05 08:40:50,53.92,-122.75,28.4,68,20,13.87,few clouds,0.0,0.0
Norman Wells,CA,2020-01-05 08:42:16,65.28,-126.83,-20.2,75,75,6.93,light snow,0.0,0.0
Faanui,PF,2020-01-05 08:38:17,-16.48,-151.75,81.39,78,87,11.79,light rain,0.44,0.0
Kavieng,PG,2020-01-05 08:42:16,-2.57,150.8,84.85,74,55,10.71,light rain,0.94,0.0
Georgetown,GY,2020-01-05 08:40:17,6.8,-58.16,68.0,100,20,12.73,few clouds,0.0,0.0
Luderitz,NA,2020-01-05 08:42:17,-26.65,15.16,61.59,88,0,11.5,clear sky,0.0,0.0
Charters Towers,AU,2020-01-05 08:42:17,-20.07,146.27,81.01,58,31,17.65,scattered clouds,0.0,0.0
Nanakuli,US,2020-01-05 08:42:17,21.39,-158.15,75.99,78,75,10.29,heavy intensity rain,0.0,0.0
Yeppoon,AU,2020-01-05 08:42:18,-23.13,150.74,82.4,54,72,10.29,broken clouds,0.0,0.0
Dikson,RU,2020-01-05 08:42:18,73.51,80.55,9.73,84,100,23.96,light snow,0.0,0.5
Dawson Creek,CA,2020-01-05 08:42:18,55.76,-120.23,-5.8,76,1,2.57,clear sky,0.0,0.0
Muisne,EC,2020-01-05 08:42:18,0.61,-80.02,75.15,88,100,6.26,light rain,0.19,0.0
Soe,EE,2020-01-05 08:42:19,57.91,26.05,32.0,70,82,10.29,broken clouds,0.0,0.0
Husavik,CA,2020-01-05 08:39:11,50.56,-96.99,25.0,85,100,11.99,light snow,0.0,0.38
Opotiki,NZ,2020-01-05 08:42:19,-38.01,177.29,60.15,70,61,7.76,broken clouds,0.0,0.0
Harindanga,IN,2020-01-05 08:42:19,22.04,88.32,66.2,88,75,6.93,haze,0.0,0.0
Kamariotissa,GR,2020-01-05 08:42:20,40.48,25.47,50.0,65,40,10.29,scattered clouds,0.0,0.0
Sobolevo,RU,2020-01-05 08:42:20,54.43,31.9,30.78,82,2,8.52,clear sky,0.0,0.0
Inhambane,MZ,2020-01-05 08:39:29,-23.87,35.38,87.8,55,20,6.93,few clouds,0.0,0.0
San Andres,PH,2020-01-05 08:42:20,13.32,122.68,77.07,77,71,12.88,broken clouds,0.0,0.0
Lagoa,PT,2020-01-05 08:42:20,37.14,-8.45,53.6,76,20,10.29,few clouds,0.0,0.0
Sakaiminato,JP,2020-01-05 08:39:05,35.55,133.23,46.4,65,75,3.36,broken clouds,0.0,0.0
Tchibanga,GA,2020-01-05 08:42:21,-2.92,11.0,84.65,73,69,1.59,broken clouds,0.0,0.0
Skibbereen,IE,2020-01-05 08:42:21,51.55,-9.27,48.2,93,75,18.34,light rain,0.0,0.0
La Ronge,CA,2020-01-05 08:42:21,55.1,-105.3,21.2,85,90,13.87,light snow,0.0,0.0
Mezhdurechensk,RU,2020-01-05 08:42:21,53.69,88.07,29.32,78,100,5.75,overcast clouds,0.0,0.0
Saratovskaya,RU,2020-01-05 08:42:21,44.71,39.22,46.99,63,0,4.47,clear sky,0.0,0.0
Mehamn,NO,2020-01-05 08:42:22,71.03,27.85,24.42,88,100,22.24,light snow,0.0,1.06
Abu Zabad,SD,2020-01-05 08:42:22,12.35,29.25,69.78,22,0,19.3,clear sky,0.0,0.0
Noyabrsk,RU,2020-01-05 08:42:22,63.2,75.45,26.1,94,100,18.05,overcast clouds,0.0,0.0
Talnakh,RU,2020-01-05 08:41:59,69.49,88.39,12.2,85,90,35.79,overcast clouds,0.0,0.0
Avera,US,2020-01-05 08:42:22,33.19,-82.53,41.0,74,1,3.36,clear sky,0.0,0.0
Saint-Denis,FR,2020-01-05 08:42:22,48.94,2.36,45.0,87,90,2.24,overcast clouds,0.0,0.0
Zunyi,CN,2020-01-05 08:42:23,27.73,106.92,64.8,72,97,12.95,light rain,0.19,0.0
Reitz,ZA,2020-01-05 08:42:23,-27.8,28.43,83.7,32,0,11.23,clear sky,0.0,0.0
Monrovia,LR,2020-01-05 08:42:23,6.33,-10.8,66.2,93,20,4.7,mist,0.0,0.0
Chiredzi,ZW,2020-01-05 08:42:23,-21.05,31.67,100.0,24,97,4.27,overcast clouds,0.0,0.0
Hilo,US,2020-01-05 08:38:18,19.71,-155.08,73.4,78,1,6.93,light rain,0.0,0.0
Langham,CA,2020-01-05 08:42:24,52.36,-106.96,27.0,73,40,17.22,scattered clouds,0.0,0.0
Okhotsk,RU,2020-01-05 08:42:24,59.36,143.24,13.98,87,100,10.45,overcast clouds,0.0,0.0
Kruisfontein,ZA,2020-01-05 08:38:20,-34.0,24.73,74.75,52,23,19.91,few clouds,0.0,0.0
Kjollefjord,NO,2020-01-05 08:42:24,70.95,27.35,26.35,79,100,25.43,light snow,0.0,1.19
Morondava,MG,2020-01-05 08:42:24,-20.3,44.28,97.59,42,11,5.1,few clouds,0.0,0.0
Novoagansk,RU,2020-01-05 08:42:25,61.94,76.66,28.36,93,100,14.61,light snow,0.0,0.13
Hithadhoo,MV,2020-01-05 08:38:29,-0.6,73.08,84.61,68,64,8.01,broken clouds,0.0,0.0
Abnub,EG,2020-01-05 08:42:25,27.27,31.15,54.45,38,0,6.87,clear sky,0.0,0.0
Wairoa,NZ,2020-01-05 08:42:25,-39.04,177.43,68.0,56,20,18.01,few clouds,0.0,0.0
Baykit,RU,2020-01-05 08:42:25,61.68,96.39,8.58,93,100,5.55,overcast clouds,0.0,0.0
Pochutla,MX,2020-01-05 08:42:25,15.74,-96.47,73.0,83,40,5.82,scattered clouds,0.0,0.0
Ketchikan,US,2020-01-05 08:42:26,55.34,-131.65,35.6,93,90,4.7,light rain,0.0,0.0
Barcelona,ES,2020-01-05 08:42:26,41.38,2.18,53.01,60,0,18.34,clear sky,0.0,0.0
Ayan,IR,2020-01-05 08:42:26,38.23,44.7,23.11,69,100,4.07,overcast clouds,0.0,0.0
Erzin,TR,2020-01-05 08:42:26,36.95,36.2,53.6,40,0,8.05,clear sky,0.0,0.0
Quelimane,MZ,2020-01-05 08:42:26,-17.88,36.89,82.4,83,40,4.7,scattered clouds,0.0,0.0
Sokoni,CD,2020-01-05 08:42:26,-12.89,28.78,67.08,92,100,4.36,light rain,0.88,0.0
Santa Cruz Del Sur,CU,2020-01-05 08:42:27,20.71,-78.0,77.07,81,3,10.45,clear sky,0.0,0.0
Atrauli,IN,2020-01-05 08:42:27,28.04,78.28,68.77,40,0,9.37,clear sky,0.0,0.0
Saldanha,PT,2020-01-05 08:41:38,41.42,-6.55,36.12,83,0,1.68,clear sky,0.0,0.0
Namatanai,PG,2020-01-05 08:42:27,-3.66,152.44,84.52,71,100,5.17,moderate rain,3.75,0.0
East London,ZA,2020-01-05 08:42:27,-33.02,27.91,73.4,94,90,17.22,overcast clouds,0.0,0.0
Porto Velho,BR,2020-01-05 08:42:28,-8.75,-63.87,75.2,94,75,4.7,broken clouds,0.0,0.0
Isangel,VU,2020-01-05 08:42:28,-19.55,169.27,76.48,81,39,16.51,light rain,0.13,0.0
Mahmudabad,IN,2020-01-05 08:42:28,27.3,81.13,64.4,68,0,6.93,haze,0.0,0.0
Carauari,BR,2020-01-05 08:42:28,-4.88,-66.9,72.79,96,78,1.16,broken clouds,0.0,0.0
Baneh,IR,2020-01-05 08:42:28,35.99,45.88,28.33,87,100,5.46,overcast clouds,0.0,0.0
Hisai,JP,2020-01-05 08:42:29,34.67,136.47,46.4,49,20,28.86,few clouds,0.0,0.0
Tautira,PF,2020-01-05 08:42:29,-17.73,-149.15,80.01,83,20,4.7,few clouds,0.0,0.0
La Mana,EC,2020-01-05 08:42:29,-0.93,-79.22,42.8,93,20,1.12,few clouds,0.0,0.0
Bambous Virieux,MU,2020-01-05 08:42:29,-20.34,57.76,82.0,83,75,4.7,broken clouds,0.0,0.0
Mezen,RU,2020-01-05 08:42:30,65.85,44.24,15.55,88,9,10.89,clear sky,0.0,0.0
Guerrero Negro,MX,2020-01-05 08:42:30,27.97,-114.04,58.55,59,0,3.76,clear sky,0.0,0.0
Lorengau,PG,2020-01-05 08:42:30,-2.02,147.27,83.98,74,100,13.91,overcast clouds,0.0,0.0
Goderich,CA,2020-01-05 08:38:32,43.74,-81.71,34.0,83,100,17.0,light snow,0.0,0.5
Saint-Pierre,FR,2020-01-05 08:41:32,48.95,4.24,35.6,100,0,3.36,mist,0.0,0.0
Gornopravdinsk,RU,2020-01-05 08:42:30,60.06,69.92,27.32,93,100,9.8,overcast clouds,0.0,0.0
Churapcha,RU,2020-01-05 08:42:31,62.0,132.43,-10.84,97,99,5.93,light snow,0.0,0.13
Jambusar,IN,2020-01-05 08:42:31,22.05,72.81,77.0,41,0,6.93,clear sky,0.0,0.0
Qaqortoq,GL,2020-01-05 08:42:31,60.72,-46.03,23.0,79,63,4.7,light shower snow,0.0,0.0
Harper,US,2020-01-05 08:42:31,30.3,-99.24,51.01,43,1,13.29,clear sky,0.0,0.0
Sao Felix Do Xingu,BR,2020-01-05 08:42:31,-6.64,-51.99,69.75,98,79,1.1,light rain,0.69,0.0
Port-Gentil,GA,2020-01-05 08:42:32,-0.72,8.78,82.4,88,40,8.05,scattered clouds,0.0,0.0
Omsukchan,RU,2020-01-05 08:42:32,62.53,155.8,-4.58,55,77,1.41,broken clouds,0.0,0.0
Sao Joao Da Barra,BR,2020-01-05 08:42:32,-21.64,-41.05,75.6,94,100,8.48,light rain,0.56,0.0
Moose Factory,CA,2020-01-05 08:42:32,51.26,-80.61,1.4,91,90,5.82,overcast clouds,0.0,0.0
Bonthe,SL,2020-01-05 08:40:03,7.53,-12.5,76.42,60,30,5.7,scattered clouds,0.0,0.0
Ulvik,NO,2020-01-05 08:42:33,60.57,6.92,36.0,83,100,3.6,snow,0.0,3.13
Solnechnyy,RU,2020-01-05 08:40:02,50.72,136.64,-5.49,87,31,1.52,scattered clouds,0.0,0.0
Chokurdakh,RU,2020-01-05 08:42:33,70.62,147.9,-16.71,95,0,8.93,clear sky,0.0,0.0
Tadine,NC,2020-01-05 08:42:33,-21.55,167.88,75.02,80,5,12.48,clear sky,0.0,0.0
Paamiut,GL,2020-01-05 08:42:33,61.99,-49.67,24.21,77,100,11.12,overcast clouds,0.0,0.0
Alofi,NU,2020-01-05 08:42:33,-19.06,-169.92,75.2,94,0,3.36,clear sky,0.0,0.0
Eenhana,NA,2020-01-05 08:42:34,-17.48,16.34,77.0,69,75,3.71,broken clouds,0.0,0.0
Katsuura,JP,2020-01-05 08:42:34,33.93,134.5,48.2,42,75,11.41,broken clouds,0.0,0.0
Mitsamiouli,KM,2020-01-05 08:42:34,-11.38,43.28,87.8,70,40,5.82,scattered clouds,0.0,0.0
Camabatela,AO,2020-01-05 08:42:34,-8.19,15.37,71.69,81,100,5.57,light rain,0.13,0.0
Matara,BI,2020-01-05 08:42:35,-3.48,29.48,68.59,73,78,4.09,light rain,0.69,0.0
La Peca,PE,2020-01-05 08:42:35,-5.61,-78.44,65.7,92,56,0.98,broken clouds,0.0,0.0
Guatire,VE,2020-01-05 08:42:36,10.47,-66.54,80.6,83,20,6.93,few clouds,0.0,0.0
Ancud,CL,2020-01-05 08:42:36,-41.87,-73.83,51.8,76,100,5.82,light rain,0.44,0.0
Velsk,RU,2020-01-05 08:42:36,61.07,42.1,28.24,95,100,4.61,light snow,0.0,0.25
Adre,TD,2020-01-05 08:42:36,13.47,22.2,70.27,21,8,18.07,clear sky,0.0,0.0
Hirara,JP,2020-01-05 08:42:37,24.8,125.28,71.6,68,40,13.87,scattered clouds,0.0,0.0
Calama,CL,2020-01-05 08:42:37,-22.46,-68.93,53.6,81,75,3.36,broken clouds,0.0,0.0
Gandajika,CD,2020-01-05 08:42:37,-6.75,23.95,78.49,80,100,3.27,light rain,1.31,0.0
Kharan,PK,2020-01-05 08:42:37,28.58,65.42,59.47,80,100,3.4,light rain,0.88,0.0
Severo-Kurilsk,RU,2020-01-05 08:42:37,50.68,156.12,18.23,88,100,8.72,light snow,0.0,0.88
Katunino,RU,2020-01-05 08:42:37,64.39,40.63,21.2,85,0,4.47,clear sky,0.0,0.0
Port Pirie,AU,2020-01-05 08:42:38,-33.18,138.01,60.53,74,100,5.03,light rain,1.0,0.0
Villarrica,CL,2020-01-05 08:42:38,-39.28,-72.23,50.0,93,75,3.36,broken clouds,0.0,0.0
Buta,CD,2020-01-05 08:42:38,2.79,24.73,84.43,39,88,2.17,overcast clouds,0.0,0.0
Santa Catarina De Tepehuanes,MX,2020-01-05 08:42:38,25.34,-105.72,35.89,40,0,4.54,clear sky,0.0,0.0
Cockburn Town,TC,2020-01-05 08:42:38,21.46,-71.14,76.89,67,35,5.35,scattered clouds,0.0,0.0
Vulturesti,RO,2020-01-05 08:42:39,47.52,26.45,37.0,79,20,12.75,light snow,0.0,0.0
Nogliki,RU,2020-01-05 08:42:39,51.8,143.14,11.43,90,100,22.26,light snow,0.0,0.44
Yar-Sale,RU,2020-01-05 08:42:39,66.83,70.83,21.25,79,0,20.78,clear sky,0.0,0.0
Neiafu,TO,2020-01-05 08:41:18,-18.65,-173.98,79.79,80,0,15.14,clear sky,0.0,0.0
Poum,MK,2020-01-05 08:42:39,41.28,20.71,37.4,69,75,9.17,broken clouds,0.0,0.0
Dumas,IN,2020-01-05 08:42:40,21.09,72.71,84.2,32,0,13.87,haze,0.0,0.0
Pauini,BR,2020-01-05 08:42:40,-7.71,-67.0,72.72,97,98,1.92,overcast clouds,0.0,0.0
Tieling,CN,2020-01-05 08:42:40,42.29,123.84,18.72,82,0,3.24,clear sky,0.0,0.0
Santa Luzia,BR,2020-01-05 08:42:40,-19.77,-43.85,68.0,100,75,11.41,broken clouds,0.0,0.0
Hofn,IS,2020-01-05 08:42:41,64.25,-15.21,43.18,80,54,36.6,light rain,0.5,0.0
Dharampur,IN,2020-01-05 08:42:41,30.9,77.02,52.68,40,94,5.82,overcast clouds,0.0,0.0
Sao Filipe,CV,2020-01-05 08:42:41,14.9,-24.5,70.86,67,33,18.52,scattered clouds,0.0,0.0
Rio De Janeiro,BR,2020-01-05 08:39:09,-22.91,-43.21,75.2,94,20,6.93,few clouds,0.0,0.0
Buin,CL,2020-01-05 08:42:41,-33.73,-70.74,59.0,72,0,9.17,clear sky,0.0,0.0
Samarai,PG,2020-01-05 08:42:41,-10.62,150.67,79.66,82,100,3.15,overcast clouds,0.0,0.0
Ormond Beach,US,2020-01-05 08:42:42,29.29,-81.06,52.0,49,1,6.93,clear sky,0.0,0.0
Salalah,OM,2020-01-05 08:42:42,17.01,54.1,80.6,61,75,14.99,broken clouds,0.0,0.0
Vostok,RU,2020-01-05 08:40:58,46.45,135.83,-3.62,98,100,4.61,overcast clouds,0.0,0.0
Touros,BR,2020-01-05 08:41:48,-5.2,-35.46,73.4,88,40,3.36,scattered clouds,0.0,0.0
Saint Paul,US,2020-01-05 08:39:30,44.95,-93.1,30.2,79,1,8.05,clear sky,0.0,0.0
Port Hawkesbury,CA,2020-01-05 08:42:43,45.62,-61.36,34.0,100,90,6.93,light snow,0.0,0.0
Saint-Augustin,CA,2020-01-05 08:42:43,45.63,-73.98,28.99,79,90,5.82,overcast clouds,0.0,0.0
Kisangani,CD,2020-01-05 08:42:43,0.52,25.21,71.31,94,100,1.36,light rain,0.25,0.0
Basco,US,2020-01-05 08:41:33,40.33,-91.2,30.0,86,1,5.82,clear sky,0.0,0.0
Mwene-Ditu,CD,2020-01-05 08:42:44,-7.01,23.45,76.82,81,100,3.87,light rain,1.19,0.0
Pamplona,ES,2020-01-05 08:42:44,42.82,-1.64,39.99,86,100,10.29,overcast clouds,0.0,0.0
General Pico,AR,2020-01-05 08:42:44,-35.66,-63.75,66.45,82,100,4.41,light rain,0.31,0.0
Paraiso,BR,2020-01-05 08:42:44,-0.03,-51.17,75.2,100,100,4.7,moderate rain,9.56,0.0
Jardim,BR,2020-01-05 08:42:44,-21.48,-56.15,67.46,96,0,2.1,clear sky,0.0,0.0
Tual,ID,2020-01-05 08:42:44,-5.67,132.75,83.7,76,100,7.81,light rain,0.81,0.0
Aripuana,BR,2020-01-05 08:40:04,-9.17,-60.63,71.98,99,100,3.29,moderate rain,3.31,0.0
Abashiri,JP,2020-01-05 08:42:45,44.01,144.25,21.2,57,20,2.24,few clouds,0.0,0.0
Sao Joaquim,BR,2020-01-05 08:42:45,-28.29,-49.93,52.12,93,27,1.1,scattered clouds,0.0,0.0
Kavarna,BG,2020-01-05 08:41:30,43.43,28.33,41.0,65,40,14.99,scattered clouds,0.0,0.0
Tiksi,RU,2020-01-05 08:38:34,71.64,128.87,-17.16,87,57,9.55,broken clouds,0.0,0.0
Surubim,BR,2020-01-05 08:42:46,-7.84,-35.75,76.03,72,100,4.03,overcast clouds,0.0,0.0
Yaan,NG,2020-01-05 08:42:46,7.38,8.57,82.15,16,5,11.16,clear sky,0.0,0.0
Srednekolymsk,RU,2020-01-05 08:42:46,67.46,153.71,1.13,57,58,2.44,broken clouds,0.0,0.0
Iquitos,PE,2020-01-05 08:42:46,-3.75,-73.25,73.4,100,20,1.12,few clouds,0.0,0.0
Geraldton,CA,2020-01-05 08:39:01,49.72,-86.95,14.0,78,90,2.24,light snow,0.0,0.0
Labuhan,ID,2020-01-05 08:42:47,-2.54,115.51,84.2,67,94,1.5,overcast clouds,0.0,0.0
Te Anau,NZ,2020-01-05 08:42:47,-45.41,167.72,45.39,79,96,13.18,light rain,0.44,0.0
Kodiak,US,2020-01-05 08:39:42,39.95,-94.76,37.99,59,1,6.93,clear sky,0.0,0.0
Moa,CU,2020-01-05 08:42:47,20.66,-74.95,67.32,98,61,1.39,broken clouds,0.0,0.0
Marsh Harbour,BS,2020-01-05 08:42:47,26.54,-77.06,72.73,68,100,27.98,light rain,0.25,0.0
Skjervoy,NO,2020-01-05 08:40:22,70.03,20.97,32.23,79,100,27.85,light snow,0.0,0.5
Half Moon Bay,US,2020-01-05 08:40:06,37.46,-122.43,50.0,81,1,6.93,clear sky,0.0,0.0
The Valley,AI,2020-01-05 08:42:48,18.22,-63.06,78.01,73,20,9.17,few clouds,0.0,0.0
Khash,IR,2020-01-05 08:39:00,28.22,61.21,57.49,66,100,21.56,light rain,0.13,0.0
Kyaukse,MM,2020-01-05 08:42:48,21.6,96.13,69.8,94,90,3.36,drizzle,0.0,0.0
Kirensk,RU,2020-01-05 08:42:48,57.78,108.12,16.3,93,100,7.63,light snow,0.0,0.13
Fortuna,US,2020-01-05 08:42:49,40.6,-124.16,44.01,100,90,9.17,overcast clouds,0.0,0.0
Vung Tau,VN,2020-01-05 08:42:49,10.35,107.08,82.71,56,97,12.17,overcast clouds,0.0,0.0
Lanzhou,CN,2020-01-05 08:42:49,36.06,103.82,33.8,34,100,4.47,overcast clouds,0.0,0.0
Shubarshi,KZ,2020-01-05 08:42:49,48.59,57.19,23.86,93,93,3.09,overcast clouds,0.0,0.0
Vanavara,RU,2020-01-05 08:42:49,60.35,102.28,10.02,93,100,10.67,light snow,0.0,0.13
Kindu,CD,2020-01-05 08:42:50,-2.95,25.92,80.38,69,100,3.58,overcast clouds,0.0,0.0
Egvekinot,RU,2020-01-05 08:42:50,66.32,-179.17,-12.84,72,0,12.82,clear sky,0.0,0.0
Kozhva,RU,2020-01-05 08:42:50,65.11,57.05,22.78,92,98,9.01,light snow,0.0,0.13
Kassala,SD,2020-01-05 08:42:50,15.45,36.38,71.8,69,99,6.33,overcast clouds,0.0,0.0
Tabuk,PH,2020-01-05 08:42:50,17.41,121.44,73.9,82,51,7.52,light rain,0.44,0.0
Brest,BY,2020-01-05 08:42:51,52.09,23.69,33.8,86,90,13.42,overcast clouds,0.0,0.0
Yulara,AU,2020-01-05 08:42:51,-25.24,130.99,64.4,93,90,10.29,overcast clouds,0.0,0.0
Victoria,BN,2020-01-05 08:42:51,5.28,115.24,86.0,70,75,11.41,broken clouds,0.0,0.0
Port Macquarie,AU,2020-01-05 08:42:52,-31.43,152.91,77.0,69,90,13.87,overcast clouds,0.0,0.0
Vila Franca Do Campo,PT,2020-01-05 08:42:52,37.72,-25.43,64.4,88,20,12.75,few clouds,0.0,0.0
Lazaro Cardenas,MX,2020-01-05 08:42:52,28.39,-105.62,36.0,63,0,8.12,clear sky,0.0,0.0
Shingu,JP,2020-01-05 08:42:52,33.72,135.99,46.4,45,40,16.11,scattered clouds,0.0,0.0
Nabire,ID,2020-01-05 08:42:52,-3.36,135.5,77.56,90,73,2.62,broken clouds,0.0,0.0
Deputatskiy,RU,2020-01-05 08:42:52,69.3,139.9,-12.42,72,12,4.16,few clouds,0.0,0.0
Viedma,AR,2020-01-05 08:42:53,-40.81,-62.99,53.64,90,0,7.52,clear sky,0.0,0.0
Bosaso,SO,2020-01-05 08:42:53,11.28,49.18,86.0,55,0,16.11,clear sky,0.0,0.0
Bay Roberts,CA,2020-01-05 08:40:17,47.58,-53.28,30.99,92,90,2.24,overcast clouds,0.0,0.0
Nuqui,CO,2020-01-05 08:42:53,5.71,-77.27,78.35,81,55,5.26,moderate rain,3.75,0.0
Wagar,US,2020-01-05 08:42:53,31.44,-87.99,37.99,75,0,2.04,clear sky,0.0,0.0
Cidreira,BR,2020-01-05 08:42:54,-30.17,-50.22,72.0,83,7,14.56,clear sky,0.0,0.0
Polunochnoye,RU,2020-01-05 08:42:54,60.87,60.43,25.5,82,100,8.84,overcast clouds,0.0,0.0
Kununurra,AU,2020-01-05 08:42:54,-15.77,128.74,89.6,59,75,17.22,broken clouds,0.0,0.0
Luan,CH,2020-01-05 08:42:54,46.36,6.98,36.0,100,20,2.01,few clouds,0.0,0.0
Durban,CA,2020-01-05 08:42:55,51.93,-101.44,20.23,85,94,11.68,overcast clouds,0.0,0.0
Shenjiamen,CN,2020-01-05 08:42:55,29.96,122.3,58.89,80,57,10.89,broken clouds,0.0,0.0
Tuktoyaktuk,CA,2020-01-05 08:42:55,69.44,-133.03,-24.3,92,78,6.91,broken clouds,0.0,0.0
Grindavik,IS,2020-01-05 08:38:55,63.84,-22.43,39.2,64,75,34.45,shower rain,0.0,0.0
Zhenhai,CN,2020-01-05 08:42:55,29.95,121.71,62.01,72,90,8.95,overcast clouds,0.0,0.0
Taperoa,BR,2020-01-05 08:42:56,-7.21,-36.83,75.06,68,100,4.74,overcast clouds,0.0,0.0
Bilma,NE,2020-01-05 08:42:56,18.69,12.92,58.23,28,0,7.52,clear sky,0.0,0.0
Puerto Narino,CO,2020-01-05 08:42:56,-3.77,-70.38,73.4,100,40,2.24,scattered clouds,0.0,0.0
Thunder Bay,CA,2020-01-05 08:42:56,48.41,-89.26,21.99,92,90,4.7,light snow,0.0,0.0
Rush,US,2020-01-05 08:42:56,40.31,-81.37,32.0,80,90,12.62,overcast clouds,0.0,0.0
Santiago,PH,2020-01-05 08:42:56,16.69,121.54,71.17,87,51,4.0,light rain,0.5,0.0
Caorle,IT,2020-01-05 08:42:57,45.6,12.88,45.0,80,0,1.12,clear sky,0.0,0.0
Novo Aripuana,BR,2020-01-05 08:42:57,-5.12,-60.38,73.35,98,100,1.99,light rain,1.63,0.0
Seaham,AU,2020-01-05 08:42:57,-32.66,151.73,73.99,73,90,19.46,overcast clouds,0.0,0.0
Necochea,AR,2020-01-05 08:38:59,-38.55,-58.74,64.78,96,100,2.77,moderate rain,6.5,0.0
Kanniyakumari,IN,2020-01-05 08:42:57,8.08,77.57,82.9,77,0,21.07,clear sky,0.0,0.0
Nikolskoye,RU,2020-01-05 08:42:58,59.7,30.79,30.99,80,75,20.13,broken clouds,0.0,0.0
Pangnirtung,CA,2020-01-05 08:42:58,66.15,-65.72,-38.29,97,100,7.58,overcast clouds,0.0,0.0
Arawa,ID,2020-01-05 08:42:58,-3.93,119.75,85.08,67,100,7.85,overcast clouds,0.0,0.0
Havre-Saint-Pierre,CA,2020-01-05 08:42:58,50.23,-63.6,17.6,78,90,11.41,overcast clouds,0.0,0.0
Grand Gaube,MU,2020-01-05 08:40:58,-20.01,57.66,82.0,83,75,4.7,broken clouds,0.0,0.0
Christchurch,NZ,2020-01-05 08:42:58,-43.53,172.64,57.2,71,22,12.75,few clouds,0.0,0.0
Padang,ID,2020-01-05 08:42:59,-0.92,100.36,79.83,76,78,1.66,light rain,1.75,0.0
Ossora,RU,2020-01-05 08:42:59,59.24,163.07,10.13,94,31,4.85,scattered clouds,0.0,0.0
That Phanom,TH,2020-01-05 08:42:59,16.94,104.73,87.8,40,40,4.7,scattered clouds,0.0,0.0
Mozirje,SI,2020-01-05 08:42:59,46.34,14.96,39.0,86,20,3.36,few clouds,0.0,0.0
Cap Malheureux,MU,2020-01-05 08:43:00,-19.98,57.61,82.0,83,75,4.7,broken clouds,0.0,0.0
Phanom Sarakham,TH,2020-01-05 08:43:00,13.75,101.35,96.01,41,20,8.05,few clouds,0.0,0.0
Shu,KZ,2020-01-05 08:43:00,43.6,73.76,33.03,82,54,1.66,broken clouds,0.0,0.0
Keflavik,IS,2020-01-05 08:43:00,64.0,-22.56,37.4,66,75,34.45,light rain,0.0,0.0
Rabaul,PG,2020-01-05 08:43:00,-4.2,152.17,85.01,73,100,8.75,light rain,2.81,0.0
Baykalsk,RU,2020-01-05 08:43:00,51.52,104.15,18.27,84,92,0.67,overcast clouds,0.0,0.0
Palu,ID,2020-01-05 08:43:01,-0.9,119.87,71.26,95,100,1.45,light rain,2.75,0.0
Ape,EE,2020-01-05 08:43:01,57.54,26.69,30.13,68,52,9.91,broken clouds,0.0,0.0
Cao Bang,VN,2020-01-05 08:43:01,22.67,106.25,74.93,62,50,6.46,light rain,0.13,0.0
Orsta,NO,2020-01-05 08:43:01,62.2,6.13,45.0,81,75,23.04,light intensity drizzle rain,0.0,0.0
Sendafa,ET,2020-01-05 08:43:02,9.16,39.02,69.44,38,0,8.63,clear sky,0.0,0.0
Aklavik,CA,2020-01-05 08:43:02,68.22,-135.01,-25.6,74,75,5.82,broken clouds,0.0,0.0
Berdigestyakh,RU,2020-01-05 08:43:02,62.1,126.7,-6.83,98,93,3.78,light snow,0.0,0.13
Dunmore East,IE,2020-01-05 08:43:02,52.15,-6.99,50.0,93,75,16.11,broken clouds,0.0,0.0
Puteyets,RU,2020-01-05 08:43:03,65.17,57.09,22.78,92,98,9.01,light snow,0.0,0.13
Vargashi,RU,2020-01-05 08:43:03,55.36,65.85,16.75,94,58,9.71,broken clouds,0.0,0.0
Anchorage,US,2020-01-05 08:43:03,61.22,-149.89,-5.01,76,75,2.91,mist,0.0,0.0
Ocos,GT,2020-01-05 08:43:03,14.51,-92.19,71.6,100,5,2.62,clear sky,0.0,0.0
Matamoros,US,2020-01-05 08:43:03,25.87,-97.51,50.0,93,1,6.82,clear sky,0.0,0.0
Mount Isa,AU,2020-01-05 08:43:04,-20.73,139.49,102.2,20,80,8.05,broken clouds,0.0,0.0
Antigonish,CA,2020-01-05 08:39:43,45.62,-61.99,34.0,100,90,6.93,light snow,0.0,0.0
Vlore,AL,2020-01-05 08:43:04,40.47,19.49,48.54,58,96,10.71,overcast clouds,0.0,0.0
Kuching,MY,2020-01-05 08:43:04,1.56,110.34,80.6,83,75,9.17,light intensity shower rain,0.0,0.0
Hovd,NO,2020-01-05 08:43:04,63.83,10.7,39.99,64,90,12.75,shower rain,0.0,0.0
Rabo De Peixe,PT,2020-01-05 08:43:05,37.8,-25.58,64.4,88,20,12.75,few clouds,0.0,0.0
Qandala,SO,2020-01-05 08:43:05,11.47,49.87,79.3,65,0,9.98,clear sky,0.0,0.0
Eskil,TR,2020-01-05 08:43:05,38.4,33.41,37.81,58,34,6.38,scattered clouds,0.0,0.0
Wichian Buri,TH,2020-01-05 08:43:05,15.66,101.11,91.36,31,0,7.74,clear sky,0.0,0.0
Hay River,CA,2020-01-05 08:38:17,60.82,-115.79,-5.8,76,20,13.87,few clouds,0.0,0.0
Hobyo,SO,2020-01-05 08:43:05,5.35,48.53,86.14,60,67,16.28,broken clouds,0.0,0.0
Macomb,US,2020-01-05 08:43:06,40.46,-90.67,27.0,92,1,5.82,clear sky,0.0,0.0
Ilulissat,GL,2020-01-05 08:43:06,69.22,-51.1,12.2,85,100,17.22,light snow,0.0,0.0
Poopo,BO,2020-01-05 08:43:06,-18.38,-66.97,45.73,78,100,9.53,overcast clouds,0.0,0.0
Cairns,AU,2020-01-05 08:42:00,-16.92,145.77,84.2,66,90,12.75,overcast clouds,0.0,0.0
Esperance,AU,2020-01-05 08:43:06,-33.86,121.89,86.0,65,24,8.05,few clouds,0.0,0.0
Songjianghe,CN,2020-01-05 08:43:07,42.18,127.48,14.76,83,0,2.8,clear sky,0.0,0.0
Mudbidri,IN,2020-01-05 08:43:07,13.08,74.98,87.8,48,20,5.82,few clouds,0.0,0.0
Zatoka,PL,2020-01-05 08:43:07,50.04,20.52,35.01,74,75,11.41,broken clouds,0.0,0.0
Fallon,US,2020-01-05 08:43:07,46.84,-105.12,33.01,73,75,27.51,broken clouds,0.0,0.0
Narasannapeta,IN,2020-01-05 08:43:07,18.42,84.04,79.07,64,66,10.36,light rain,0.19,0.0
Togur,RU,2020-01-05 08:43:07,58.36,82.83,22.66,95,100,7.09,light snow,0.0,0.25
Aberdeen,US,2020-01-05 08:43:08,46.98,-123.82,45.0,100,90,11.41,overcast clouds,0.0,0.0
Ampanihy,MG,2020-01-05 08:43:08,-24.69,44.75,94.35,29,0,4.41,clear sky,0.0,0.0
Santa Marta,CO,2020-01-05 08:43:08,11.24,-74.21,60.49,76,28,4.27,scattered clouds,0.0,0.0
Buckeye,US,2020-01-05 08:40:21,33.37,-112.58,48.2,87,1,6.93,clear sky,0.0,0.0
Faya,SA,2020-01-05 08:43:09,18.39,42.45,66.2,77,75,14.99,broken clouds,0.0,0.0
Miri,NG,2020-01-05 08:43:09,10.31,9.75,70.39,29,0,7.38,clear sky,0.0,0.0
Bintulu,MY,2020-01-05 08:43:09,3.17,113.03,86.0,79,75,9.17,broken clouds,0.0,0.0
Griffith,AU,2020-01-05 08:43:10,-34.29,146.06,71.6,35,90,13.87,overcast clouds,0.0,0.0
Konakovo,RU,2020-01-05 08:43:10,56.71,36.78,31.73,81,22,10.65,few clouds,0.0,0.0
Oda,JP,2020-01-05 08:43:10,35.19,132.5,44.6,75,40,2.24,scattered clouds,0.0,0.0
Cururupu,BR,2020-01-05 08:43:10,-1.82,-44.87,72.77,98,91,1.99,light rain,0.44,0.0
Sun Valley,US,2020-01-05 08:43:11,39.6,-119.78,36.0,86,20,8.5,few clouds,0.0,0.0
Tarakan,ID,2020-01-05 08:43:11,3.3,117.63,82.31,72,100,8.19,overcast clouds,0.0,0.0
Imbituba,BR,2020-01-05 08:43:11,-28.24,-48.67,69.8,100,75,5.82,broken clouds,0.0,0.0
Iqaluit,CA,2020-01-05 08:43:11,63.75,-68.52,-31.0,59,5,13.87,clear sky,0.0,0.0
Nkowakowa,ZA,2020-01-05 08:43:11,-23.89,30.29,71.6,56,5,13.87,clear sky,0.0,0.0
Isla Vista,US,2020-01-05 08:43:11,34.41,-119.86,52.0,100,90,4.97,mist,0.0,0.0
Tortoli,IT,2020-01-05 08:43:12,39.93,9.66,48.2,61,5,11.41,clear sky,0.0,0.0
Fuyang,CN,2020-01-05 08:43:12,32.89,115.81,44.29,94,100,10.42,light rain,2.63,0.0
Almaznyy,RU,2020-01-05 08:43:12,48.03,40.04,30.2,86,40,8.95,scattered clouds,0.0,0.0
Henties Bay,NA,2020-01-05 08:41:29,-22.12,14.28,64.99,85,39,1.99,scattered clouds,0.0,0.0
Camargo,MX,2020-01-05 08:43:12,27.69,-105.17,44.87,40,0,8.9,clear sky,0.0,0.0
Miechow,PL,2020-01-05 08:43:13,50.36,20.03,35.01,74,75,11.41,broken clouds,0.0,0.0
Igarka,RU,2020-01-05 08:43:13,67.47,86.57,17.08,93,100,20.45,light snow,0.0,1.44
Huarmey,PE,2020-01-05 08:43:13,-10.07,-78.15,68.77,80,99,0.6,overcast clouds,0.0,0.0
Ormara,PK,2020-01-05 08:43:13,25.21,64.64,72.46,75,99,4.88,light rain,0.19,0.0
Kitaibaraki,JP,2020-01-05 08:43:13,36.84,140.74,39.99,69,75,18.34,light shower snow,0.0,0.0
Atherton,AU,2020-01-05 08:43:14,-17.27,145.48,84.2,66,90,12.75,overcast clouds,0.0,0.0
Dryden,CA,2020-01-05 08:43:14,49.79,-92.84,21.2,92,90,14.99,overcast clouds,0.0,0.0
Gua Musang,MY,2020-01-05 08:43:14,4.88,101.97,77.74,87,49,5.06,light rain,1.5,0.0
Praia,BR,2020-01-05 08:43:14,-20.25,-43.81,64.96,98,94,3.8,light rain,0.19,0.0
Tuatapere,NZ,2020-01-05 08:43:14,-46.13,167.69,52.0,70,41,14.0,light rain,0.31,0.0
Broome,GB,2020-01-05 08:43:15,52.47,1.45,45.0,87,75,6.93,broken clouds,0.0,0.0
Vestmanna,FO,2020-01-05 08:39:05,62.16,-7.17,46.4,81,99,13.87,overcast clouds,0.0,0.0
Nemuro,JP,2020-01-05 08:43:15,43.32,145.57,17.6,67,20,4.7,few clouds,0.0,0.0
San Patricio,PY,2020-01-05 08:43:15,-26.98,-56.83,67.5,79,0,0.76,clear sky,0.0,0.0
Inta,RU,2020-01-05 08:43:16,66.04,60.13,22.55,90,73,20.94,light snow,0.0,0.13
Weligama,LK,2020-01-05 08:43:16,5.97,80.42,90.23,54,3,8.75,clear sky,0.0,0.0
Candolim,IN,2020-01-05 08:43:16,15.52,73.76,82.4,48,0,8.05,haze,0.0,0.0
Casper,US,2020-01-05 08:40:52,42.87,-106.31,27.0,68,1,9.17,clear sky,0.0,0.0
Mansa,IN,2020-01-05 08:43:16,23.43,72.66,75.2,27,0,8.05,smoke,0.0,0.0
Abha,SA,2020-01-05 08:43:17,18.22,42.5,66.2,77,75,14.99,broken clouds,0.0,0.0
Nador,MA,2020-01-05 08:43:17,35.17,-2.93,50.0,81,20,4.88,few clouds,0.0,0.0
Longyearbyen,NO,2020-01-05 08:41:36,78.22,15.63,5.0,71,40,2.24,scattered clouds,0.0,0.0
Port Lincoln,AU,2020-01-05 08:38:48,-34.72,135.86,61.92,73,84,15.97,broken clouds,0.0,0.0
Ponca City,US,2020-01-05 08:43:17,36.73,-97.07,42.8,80,0,8.05,clear sky,0.0,0.0
Bundaberg,AU,2020-01-05 08:42:22,-24.87,152.35,82.4,61,36,14.99,scattered clouds,0.0,0.0
Ugoofaaru,MV,2020-01-05 08:43:18,5.67,73.0,82.0,78,20,11.7,light rain,0.38,0.0
Trinidad,BO,2020-01-05 08:41:04,-14.83,-64.9,73.15,98,98,3.36,overcast clouds,0.0,0.0
Los Llanos De Aridane,ES,2020-01-05 08:43:18,28.66,-17.92,64.4,63,75,11.41,broken clouds,0.0,0.0
Kovernino,RU,2020-01-05 08:43:18,57.13,43.81,30.92,84,99,9.04,light snow,0.0,0.19
Lata,IN,2020-01-05 08:43:19,30.78,78.62,18.59,64,80,7.34,broken clouds,0.0,0.0
Khani,GE,2020-01-05 08:41:34,41.96,42.96,42.8,70,75,5.82,broken clouds,0.0,0.0
Yumen,CN,2020-01-05 08:41:23,40.29,97.04,25.32,47,100,11.32,overcast clouds,0.0,0.0
Kuryk,KZ,2020-01-05 08:43:19,43.18,51.68,38.79,59,100,15.21,overcast clouds,0.0,0.0
Hamilton,CA,2020-01-05 08:41:27,43.26,-79.87,34.0,86,90,10.29,light snow,0.0,0.0
Tura,RU,2020-01-05 08:43:19,64.27,100.22,8.53,89,100,7.9,overcast clouds,0.0,0.0
Okha,RU,2020-01-05 08:43:20,53.59,142.95,25.77,95,100,20.85,snow,0.0,3.69
Klaksvik,FO,2020-01-05 08:43:20,62.23,-6.59,46.4,81,100,13.87,overcast clouds,0.0,0.0
Anadyr,RU,2020-01-05 08:43:20,64.73,177.51,-32.8,66,0,11.18,clear sky,0.0,0.0
Novo Cruzeiro,BR,2020-01-05 08:43:20,-17.47,-41.88,66.27,96,100,7.18,overcast clouds,0.0,0.0
Coquimbo,CL,2020-01-05 08:41:08,-29.95,-71.34,60.8,87,90,6.93,overcast clouds,0.0,0.0
Raudeberg,NO,2020-01-05 08:43:21,61.99,5.14,45.0,86,75,20.8,light rain,0.0,0.0
Lufilufi,WS,2020-01-05 08:43:21,-13.87,-171.6,80.24,78,100,8.23,overcast clouds,0.0,0.0
Kamaishi,JP,2020-01-05 08:41:21,39.28,141.86,32.0,64,40,9.17,shower rain,0.0,0.0
Kutum,SD,2020-01-05 08:43:21,14.2,24.66,63.91,26,0,11.1,clear sky,0.0,0.0
Aden,YE,2020-01-05 08:43:22,12.79,45.03,82.83,55,24,9.75,few clouds,0.0,0.0
Buba,GW,2020-01-05 08:43:22,11.59,-14.99,67.73,16,0,7.72,clear sky,0.0,0.0
Tchollire,CM,2020-01-05 08:43:22,8.4,14.17,79.5,15,0,4.27,clear sky,0.0,0.0
Port Hedland,AU,2020-01-05 08:43:22,-20.31,118.58,93.2,46,40,6.93,scattered clouds,0.0,0.0
Bud,NO,2020-01-05 08:39:05,62.91,6.91,42.8,93,90,9.17,moderate rain,0.0,0.0
Petropavlovka,RU,2020-01-05 08:43:23,50.61,105.32,9.59,85,38,3.98,scattered clouds,0.0,0.0
Phuket,TH,2020-01-05 08:43:23,7.89,98.4,93.2,46,20,11.41,few clouds,0.0,0.0
Santa Maria,BR,2020-01-05 08:42:05,-16.02,-48.01,66.2,100,75,1.12,light rain,0.0,0.0
Coolum Beach,AU,2020-01-05 08:43:23,-26.53,153.09,78.01,79,0,4.36,clear sky,0.0,0.0
Boyolangu,ID,2020-01-05 08:43:23,-8.09,111.9,82.0,80,93,10.96,moderate rain,3.69,0.0
Bathsheba,BB,2020-01-05 08:39:20,13.22,-59.52,75.2,73,20,8.05,few clouds,0.0,0.0
Aksarka,RU,2020-01-05 08:43:24,66.56,67.8,21.58,79,0,22.44,clear sky,0.0,0.0
Vila Do Maio,CV,2020-01-05 08:43:24,15.13,-23.22,69.8,68,22,19.46,dust,0.0,0.0
Panguna,PG,2020-01-05 08:43:24,-6.32,155.48,72.54,95,100,1.25,light rain,1.5,0.0
Chumikan,RU,2020-01-05 08:43:24,54.72,135.31,-7.44,85,8,5.37,clear sky,0.0,0.0
Kovdor,RU,2020-01-05 08:43:24,67.56,30.47,14.63,86,12,11.88,few clouds,0.0,0.0
Ouango,CD,2020-01-05 08:43:25,4.31,22.55,90.3,20,69,4.72,broken clouds,0.0,0.0
Imeni Poliny Osipenko,RU,2020-01-05 08:43:25,52.42,136.49,-15.16,93,0,1.43,clear sky,0.0,0.0
Praya,ID,2020-01-05 08:43:25,-8.71,116.27,87.8,62,75,13.87,broken clouds,0.0,0.0
Mindelo,PT,2020-01-05 08:43:25,41.31,-8.72,44.01,81,0,8.05,clear sky,0.0,0.0
Carutapera,BR,2020-01-05 08:43:25,-1.2,-46.02,79.27,82,99,6.31,light rain,1.56,0.0
Chongwe,ZM,2020-01-05 08:43:26,-15.33,28.68,77.02,70,100,5.64,light rain,2.13,0.0
Quatre Cocos,MU,2020-01-05 08:43:26,-20.21,57.76,82.0,83,75,4.7,broken clouds,0.0,0.0
Lagos,NG,2020-01-05 08:43:26,6.46,3.39,71.6,49,11,11.41,haze,0.0,0.0
Bulgan,MN,2020-01-05 08:43:26,48.81,103.53,3.97,90,0,6.13,clear sky,0.0,0.0
Emerald,AU,2020-01-05 08:41:56,-23.53,148.16,95.0,24,40,12.75,scattered clouds,0.0,0.0
Buala,SB,2020-01-05 08:43:27,-8.15,159.59,82.22,80,100,11.18,moderate rain,3.25,0.0
Abu Samrah,SY,2020-01-05 08:43:27,35.3,37.18,49.33,76,44,5.75,scattered clouds,0.0,0.0
Puerto Colombia,CO,2020-01-05 08:43:27,10.99,-74.96,79.0,88,7,11.41,clear sky,0.0,0.0
Bauchi,NG,2020-01-05 08:43:27,10.31,9.85,70.39,29,0,7.38,clear sky,0.0,0.0
Uribia,CO,2020-01-05 08:43:27,11.71,-72.27,71.44,94,3,1.81,clear sky,0.0,0.0
Sao Gabriel Da Cachoeira,BR,2020-01-05 08:43:28,-0.13,-67.09,72.09,93,100,1.39,overcast clouds,0.0,0.0
Batouri,CM,2020-01-05 08:43:28,4.44,14.36,87.01,16,0,5.99,clear sky,0.0,0.0
Sinnamary,GF,2020-01-05 08:42:03,5.38,-52.96,78.98,81,100,14.7,light rain,0.5,0.0
Madang,CN,2020-01-05 08:43:28,35.32,102.79,26.56,66,100,3.85,overcast clouds,0.0,0.0
Novyy Urengoy,RU,2020-01-05 08:43:28,66.08,76.63,20.37,90,30,16.73,scattered clouds,0.0,0.0
Tuam,IE,2020-01-05 08:43:28,53.52,-8.85,52.0,100,90,11.41,light intensity drizzle,0.0,0.0
Mogadishu,SO,2020-01-05 08:43:29,2.04,45.34,86.0,62,20,17.22,few clouds,0.0,0.0
Pankrushikha,RU,2020-01-05 08:43:29,53.83,80.35,24.08,93,100,14.94,overcast clouds,0.0,0.0
Wadi Musa,JO,2020-01-05 08:43:29,30.32,35.48,44.44,58,7,10.02,clear sky,0.0,0.0
Pucara,BO,2020-01-05 08:43:29,-21.7,-64.2,62.94,81,100,1.9,overcast clouds,0.0,0.0
Ekibastuz,KZ,2020-01-05 08:43:29,51.72,75.32,24.15,85,100,13.15,overcast clouds,0.0,0.0
Ajaccio,FR,2020-01-05 08:43:30,41.93,8.74,50.0,81,0,8.05,clear sky,0.0,0.0
Urucara,BR,2020-01-05 08:43:30,-2.54,-57.76,72.57,85,70,0.27,broken clouds,0.0,0.0
Hanting,CN,2020-01-05 08:43:30,30.92,118.55,54.1,85,76,6.29,broken clouds,0.0,0.0
Marawi,PH,2020-01-05 08:43:30,8.0,124.29,84.0,82,23,3.0,few clouds,0.0,0.0
Vetrisoaia,RO,2020-01-05 08:43:30,46.43,28.21,34.84,76,100,17.72,light snow,0.0,0.25
Petrov Val,RU,2020-01-05 08:43:31,50.14,45.21,31.86,91,73,13.87,broken clouds,0.0,0.0
Ponta Delgada,PT,2020-01-05 08:43:31,37.73,-25.67,64.4,88,20,12.75,few clouds,0.0,0.0
Mount Gambier,AU,2020-01-05 08:43:31,-37.83,140.78,60.8,55,100,19.46,overcast clouds,0.0,0.0
Tshikapa,CD,2020-01-05 08:43:31,-6.42,20.79,81.07,71,100,3.2,overcast clouds,0.0,0.0
Krasnooktyabrskiy,RU,2020-01-05 08:43:31,44.93,38.37,46.99,57,1,4.47,clear sky,0.0,0.0
Calabazar De Sagua,CU,2020-01-05 08:43:32,22.65,-79.9,71.6,94,75,2.24,broken clouds,0.0,0.0
Centralia,US,2020-01-05 08:43:32,46.72,-122.96,44.6,87,90,9.17,overcast clouds,0.0,0.0
Caravelas,BR,2020-01-05 08:43:32,-17.73,-39.27,75.18,89,100,6.46,light rain,1.0,0.0
Saint-Gaudens,FR,2020-01-05 08:43:32,43.11,0.72,37.99,100,90,2.24,fog,0.0,0.0
Banjar,ID,2020-01-05 08:43:32,-7.37,108.54,79.39,87,99,3.33,moderate rain,8.63,0.0
Hede,SE,2020-01-05 08:43:32,60.45,15.49,28.0,79,100,6.93,overcast clouds,0.0,0.0
Mata,PT,2020-01-05 08:43:33,40.68,-7.46,39.0,95,0,5.01,clear sky,0.0,0.0
Hit,IQ,2020-01-05 08:43:33,33.64,42.83,58.28,47,24,7.76,few clouds,0.0,0.0
Hauterive,CA,2020-01-05 08:43:33,49.18,-68.27,25.0,79,20,6.93,few clouds,0.0,0.0
Hammond,US,2020-01-05 08:43:33,30.5,-90.46,46.99,93,1,1.61,clear sky,0.0,0.0
Ust-Nera,RU,2020-01-05 08:43:33,64.57,143.24,-20.18,100,5,0.58,clear sky,0.0,0.0
Ondjiva,AO,2020-01-05 08:43:34,-17.07,15.73,71.13,75,100,4.9,overcast clouds,0.0,0.0
Nawa,IN,2020-01-05 08:43:34,27.02,75.0,71.53,27,0,1.66,clear sky,0.0,0.0
Pisco,PE,2020-01-05 08:41:47,-13.71,-76.2,69.8,83,98,12.75,overcast clouds,0.0,0.0
Tigil,RU,2020-01-05 08:43:34,57.8,158.67,10.87,74,0,9.84,clear sky,0.0,0.0
Rutana,BI,2020-01-05 08:43:35,-3.93,29.99,73.51,70,100,4.25,light rain,1.19,0.0
Lavrentiya,RU,2020-01-05 08:43:35,65.58,-170.99,-7.47,84,100,10.16,overcast clouds,0.0,0.0
Patzun,GT,2020-01-05 08:43:35,14.68,-91.01,57.2,71,20,20.8,few clouds,0.0,0.0
High Level,CA,2020-01-05 08:43:35,58.52,-117.13,-20.2,82,1,2.24,clear sky,0.0,0.0
Anaco,VE,2020-01-05 08:39:48,9.43,-64.46,67.23,91,0,3.49,clear sky,0.0,0.0
San Vicente,EC,2020-01-05 08:43:36,-0.59,-80.41,77.0,83,90,10.29,overcast clouds,0.0,0.0
Kangaba,ML,2020-01-05 08:43:36,11.94,-8.41,65.68,14,94,7.99,overcast clouds,0.0,0.0
Le Vauclin,MQ,2020-01-05 08:43:36,14.55,-60.84,71.6,94,16,4.7,few clouds,0.0,0.0
Sfantu Gheorghe,RO,2020-01-05 08:43:36,44.65,26.83,37.99,93,100,1.12,snow,0.0,1.75
Voznesenye,RU,2020-01-05 08:43:36,61.02,35.48,30.83,88,98,13.35,light snow,0.0,0.38
Vanimo,PG,2020-01-05 08:43:37,-2.67,141.3,83.68,77,100,16.6,overcast clouds,0.0,0.0
Toamasina,MG,2020-01-05 08:43:37,-18.17,49.38,87.8,58,75,13.87,broken clouds,0.0,0.0
Saint-Francois,FR,2020-01-05 08:43:37,46.42,3.91,39.0,86,90,2.24,overcast clouds,0.0,0.0
Isla Mujeres,MX,2020-01-05 08:43:37,21.23,-86.73,71.6,83,90,9.17,overcast clouds,0.0,0.0
Ahipara,NZ,2020-01-05 08:43:37,-35.17,173.16,64.0,92,61,19.35,broken clouds,0.0,0.0
Dicabisagan,PH,2020-01-05 08:43:38,17.08,122.42,74.89,80,47,13.13,light rain,0.88,0.0
Maniitsoq,GL,2020-01-05 08:43:38,65.42,-52.9,18.39,81,100,19.17,light snow,0.0,0.25
Sondershausen,DE,2020-01-05 08:43:38,51.37,10.87,35.01,92,75,6.93,broken clouds,0.0,0.0
Fulton,US,2020-01-05 08:43:38,38.85,-91.95,34.0,74,1,9.17,clear sky,0.0,0.0
San Policarpo,PH,2020-01-05 08:43:38,12.18,125.51,80.11,84,13,23.33,light rain,2.56,0.0
Antofagasta,CL,2020-01-05 08:41:53,-23.65,-70.4,72.0,64,90,4.7,overcast clouds,0.0,0.0
Beidao,CN,2020-01-05 08:43:39,34.57,105.89,38.5,72,95,2.26,overcast clouds,0.0,0.0
Awbari,LY,2020-01-05 08:43:39,26.59,12.77,51.24,30,0,2.66,clear sky,0.0,0.0
Saint Anthony,US,2020-01-05 08:43:39,43.97,-111.68,21.2,92,75,4.25,broken clouds,0.0,0.0
Winnemucca,US,2020-01-05 08:42:09,40.97,-117.74,32.0,76,1,10.29,clear sky,0.0,0.0
El Alto,BO,2020-01-05 08:43:39,-16.5,-68.19,42.8,93,90,2.24,light rain,0.0,0.0
Kendari,ID,2020-01-05 08:43:40,-3.99,122.52,78.8,84,81,7.45,light rain,1.25,0.0
Mackay,CA,2020-01-05 08:40:52,53.65,-115.58,19.4,73,1,8.05,clear sky,0.0,0.0
Joaima,BR,2020-01-05 08:43:40,-16.65,-41.03,68.97,98,100,2.59,light rain,1.5,0.0
Terralba,IT,2020-01-05 08:43:40,39.72,8.64,51.8,81,77,5.82,broken clouds,0.0,0.0
Kondinskoye,RU,2020-01-05 08:43:40,59.65,67.41,22.84,93,98,11.43,overcast clouds,0.0,0.0
Byron Bay,AU,2020-01-05 08:41:05,-28.65,153.62,86.0,69,0,11.41,clear sky,0.0,0.0
Ubinskoye,RU,2020-01-05 08:43:41,55.31,79.68,26.92,91,99,14.43,light snow,0.0,0.31
Nuuk,GL,2020-01-05 08:42:28,64.17,-51.74,19.4,85,100,3.36,light snow,0.0,0.0
Muros,ES,2020-01-05 08:43:41,42.77,-9.06,46.99,100,0,5.82,fog,0.0,0.0
Tervel,BG,2020-01-05 08:43:41,43.43,26.76,33.51,92,100,9.35,light snow,0.0,0.31
